Collection,Wayfinder,Sub-Wayfinder,Call Number Format,Translation
Adults español Fiction,ACCIÓN Y SUSPENSO,,ACCIÓN Y SUSPENSO /,ACTION & THRILLER
Adults español Fiction,CIENCIA FICCIÓN,,CIENCIA FICCIÓN /,SCIENCE FICTION
Adults español Fiction,DEL OESTE,,DEL OESTE /,WESTERN
Adults español Fiction,FANTASÍA,,FANTASÍA /,FANTASY
Adults español Fiction,FICCIÓN,,FICCIÓN /,FICTION
Adults español Fiction,HISTÓRICA,,HISTÓRICA /,HISTORICAL
Adults español Fiction,MISTERIO,,MISTERIO /,MYSTERY
Adults español Fiction,NOVELA GRÁFICA,,NOVELA GRÁFICA /,GRAPHIC NOVEL
Adults español Fiction,ROMANCE,,ROMANCE /,ROMANCE
Adults español Fiction,TERROR,,TERROR /,HORROR
Adults español NF,ARTE Y ARTESANÍA,,ARTE Y ARTESANÍA /,ARTS & CRAFTS
Adults español NF,AUTOAYUDA,,AUTOAYUDA /,SELF-HELP
Adults español NF,CASA Y JARDÍN,,CASA Y JARDÍN /,HOME & GARDEN
Adults español NF,CIENCIAS Y TECNOLOGÍA,,CIENCIAS Y TECNOLOGÍA /,SCIENCE & TECHNOLOGY
Adults español NF,COCINA,,COCINA /,COOKING
Adults español NF,CRIMEN REAL Y PARANORMAL,,CRIMEN REAL Y PARANORMAL /,TRUE CRIME & PHENOMENA
Adults español NF,DEPORTES Y RECREACIÓN,,DEPORTES Y RECREACIÓN /,SPORTS & RECREATION
Adults español NF,DERECHO,,DERECHO /,LAW
Adults español NF,EDUCACIÓN,,EDUCACIÓN /,EDUCATION
Adults español NF,ENTRENTENIMIENTO,,ENTRENTENIMIENTO /,ENTERTAINMENT
Adults español NF,ESPIRITUALIDAD Y CREENCIAS,,ESPIRITUALIDAD Y CREENCIAS /,SPIRITUALITY & BELIEFS
Adults español NF,HISTORIA,,HISTORIA /,HISTORY
Adults español NF,IDIOMAS Y ESCRITURA,,IDIOMAS Y ESCRITURA /,LANGUAGES & WRITING
Adults español NF,LITERATURA,,LITERATURA /,LITERATURE
Adults español NF,NATURALEZA Y ANIMALES,,NATURALEZA Y ANIMALES /,NATURE & ANIMALS
Adults español NF,NEGOCIOS Y FINANZAS,,NEGOCIOS Y FINANZAS /,BUSINESS & FINANCE
Adults español NF,POLÍTICA,,POLÍTICA /,POLITICS
Adults español NF,RELACIONES,,RELACIONES /,RELATIONSHIPS
Adults español NF,SALUD,,SALUD /,HEALTH
Adults español NF,SOCIEDAD Y CULTURAS,,SOCIEDAD Y CULTURAS /,SOCIETY & CULTURES
Adults español NF,VIAJE,,VIAJE /,TRAVEL
Adults Fiction,ACTION & THRILLER,,ACTION & THRILLER /,
Adults Fiction,FANTASY,,FANTASY /,
Adults Fiction,FICTION,,FICTION /,
Adults Fiction,GRAPHIC NOVEL,,GRAPHIC NOVEL /,
Adults Fiction,HISTORICAL,,HISTORICAL /,
Adults Fiction,HORROR,,HORROR /,
Adults Fiction,MYSTERY,,MYSTERY /,
Adults Fiction,ROMANCE,,ROMANCE /,
Adults Fiction,SCIENCE FICTION,,SCIENCE FICTION /,
Adults Fiction,WESTERN,,WESTERN /,
Adults NF Category,ARTS & CRAFTS,ART HISTORY,ARTS & CRAFTS / ART HISTORY /,
Adults NF Category,ARTS & CRAFTS,DRAWING,ARTS & CRAFTS / DRAWING /,
Adults NF Category,ARTS & CRAFTS,GENERAL,ARTS & CRAFTS / GENERAL /,
Adults NF Category,ARTS & CRAFTS,KNITTING,ARTS & CRAFTS / KNITTING /,
Adults NF Category,ARTS & CRAFTS,NEEDLEWORK,ARTS & CRAFTS / NEEDLEWORK /,
Adults NF Category,ARTS & CRAFTS,PAINTING,ARTS & CRAFTS / PAINTING /,
Adults NF Category,ARTS & CRAFTS,PHOTOGRAPHY,ARTS & CRAFTS / PHOTOGRAPHY /,
Adults NF Category,ARTS & CRAFTS,QUILTING,ARTS & CRAFTS / QUILTING /,
Adults NF Category,ARTS & CRAFTS,SEWING,ARTS & CRAFTS / SEWING /,
Adults NF Category,BUSINESS & FINANCE,BUSINESS,BUSINESS & FINANCE / BUSINESS /,
Adults NF Category,BUSINESS & FINANCE,CAREER DEVELOPMENT,BUSINESS & FINANCE / CAREER DEVELOPMENT /,
Adults NF Category,BUSINESS & FINANCE,GENERAL,BUSINESS & FINANCE / GENERAL /,
Adults NF Category,BUSINESS & FINANCE,PERSONAL FINANCE,BUSINESS & FINANCE / PERSONAL FINANCE /,
Adults NF Category,COOKING,AFRICA & MIDDLE EASTERN,COOKING / AFRICA & MIDDLE EASTERN /,
Adults NF Category,COOKING,ASIAN,COOKING / ASIAN /,
Adults NF Category,COOKING,BAKING & DESSERTS,COOKING / BAKING & DESSERTS /,
Adults NF Category,COOKING,BEVERAGES,COOKING / BEVERAGES /,
Adults NF Category,COOKING,EUROPEAN,COOKING / EUROPEAN /,
Adults NF Category,COOKING,GENERAL,COOKING / GENERAL /,
Adults NF Category,COOKING,LATIN,COOKING / LATIN /,
Adults NF Category,COOKING,PRESERVATION ,COOKING / PRESERVATION  /,
Adults NF Category,COOKING,SPECIAL DIETS,COOKING / SPECIAL DIETS /,
Adults NF Category,COOKING,U.S. REGIONAL,COOKING / U.S. REGIONAL /,
Adults NF Category,COOKING,VEGAN,COOKING / VEGAN /,
Adults NF Category,COOKING,VEGETARIAN,COOKING / VEGETARIAN /,
Adults NF Category,EDUCATION,COLLEGES & UNIVERSITIES,EDUCATION / COLLEGES & UNIVERSITIES /,
Adults NF Category,EDUCATION,GENERAL,EDUCATION / GENERAL /,
Adults NF Category,ENTERTAINMENT,FILM & TV,ENTERTAINMENT / FILM & TV /,
Adults NF Category,ENTERTAINMENT,GENERAL,ENTERTAINMENT / GENERAL /,
Adults NF Category,ENTERTAINMENT,HOBBIES,ENTERTAINMENT / HOBBIES /,
Adults NF Category,ENTERTAINMENT,MUSIC,ENTERTAINMENT / MUSIC /,
Adults NF Category,ENTERTAINMENT,PERFORMING ARTS,ENTERTAINMENT / PERFORMING ARTS /,
Adults NF Category,HEALTH,AGING,HEALTH / AGING /,
Adults NF Category,HEALTH,COMPLEMENTARY CARE,HEALTH / COMPLEMENTARY CARE /,
Adults NF Category,HEALTH,DISEASES & ILLNESSES,HEALTH / DISEASES & ILLNESSES /,
Adults NF Category,HEALTH,GENERAL,HEALTH / GENERAL /,
Adults NF Category,HEALTH,GROOMING & COSMETICS,HEALTH / GROOMING & COSMETICS /,
Adults NF Category,HEALTH,HEALTH CARE,HEALTH / HEALTH CARE /,
Adults NF Category,HEALTH,PSYCHOLOGY,HEALTH / PSYCHOLOGY /,
Adults NF Category,HEALTH,REPRODUCTIVE HEALTH,HEALTH / REPRODUCTIVE HEALTH /,
Adults NF Category,HISTORY,ANCIENT & MIDDLE AGES,HISTORY / ANCIENT & MIDDLE AGES /,
Adults NF Category,HISTORY,CONTEMPORARY,HISTORY / CONTEMPORARY /,
Adults NF Category,HISTORY,EARLY MODERN,HISTORY / EARLY MODERN /,
Adults NF Category,HISTORY,GENERAL,HISTORY / GENERAL /,
Adults NF Category,HISTORY,MILITARY,HISTORY / MILITARY /,
Adults NF Category,HISTORY,WORLD WAR II,HISTORY / WORLD WAR II /,
Adults NF Category,HOME & GARDEN,DESIGN & DÉCOR,HOME & GARDEN / DESIGN & DÉCOR /,
Adults NF Category,HOME & GARDEN,DIY,HOME & GARDEN / DIY /,
Adults NF Category,HOME & GARDEN,FARM,HOME & GARDEN / FARM /,
Adults NF Category,HOME & GARDEN,GARDENING,HOME & GARDEN / GARDENING /,
Adults NF Category,HOME & GARDEN,GENERAL,HOME & GARDEN / GENERAL /,
Adults NF Category,HOME & GARDEN,LIVING WELL,HOME & GARDEN / LIVING WELL /,
Adults NF Category,LANGUAGES & WRITING,GENERAL,LANGUAGES & WRITING / GENERAL /,
Adults NF Category,LANGUAGES & WRITING,LANGUAGES,LANGUAGES & WRITING / LANGUAGES /,
Adults NF Category,LANGUAGES & WRITING,WRITING,LANGUAGES & WRITING / WRITING /,
Adults NF Category,LAW,BUSINESS,LAW / BUSINESS /,
Adults NF Category,LAW,CRIMINAL,LAW / CRIMINAL /,
Adults NF Category,LAW,ESTATE,LAW / ESTATE /,
Adults NF Category,LAW,FAMILY,LAW / FAMILY /,
Adults NF Category,LAW,GENERAL,LAW / GENERAL /,
Adults NF Category,LAW,PERSONAL,LAW / PERSONAL /,
Adults NF Category,LAW,PROPERTY,LAW / PROPERTY /,
Adults NF Category,LAW,RESEARCH,LAW / RESEARCH /,
Adults NF Category,LITERATURE,ESSAYS,LITERATURE / ESSAYS /,
Adults NF Category,LITERATURE,GENERAL,LITERATURE / GENERAL /,
Adults NF Category,LITERATURE,HUMOR,LITERATURE / HUMOR /,
Adults NF Category,LITERATURE,POETRY,LITERATURE / POETRY /,
Adults NF Category,NATURE & ANIMALS,ANIMALS,NATURE & ANIMALS / ANIMALS /,
Adults NF Category,NATURE & ANIMALS,FIELD GUIDES,NATURE & ANIMALS / FIELD GUIDES /,
Adults NF Category,NATURE & ANIMALS,GENERAL,NATURE & ANIMALS / GENERAL /,
Adults NF Category,NATURE & ANIMALS,PETS,NATURE & ANIMALS / PETS /,
Adults NF Category,POLITICS,GENERAL,POLITICS / GENERAL /,
Adults NF Category,POLITICS,INTERNATIONAL POLITICS,POLITICS / INTERNATIONAL POLITICS /,
Adults NF Category,POLITICS,U.S. POLITICS,POLITICS / U.S. POLITICS /,
Adults NF Category,RELATIONSHIPS,DEATH & DYING,RELATIONSHIPS / DEATH & DYING /,
Adults NF Category,RELATIONSHIPS,GENERAL,RELATIONSHIPS / GENERAL /,
Adults NF Category,RELATIONSHIPS,PARENTING,RELATIONSHIPS / PARENTING /,
Adults NF Category,RELATIONSHIPS,PARTNERSHIPS,RELATIONSHIPS / PARTNERSHIPS /,
Adults NF Category,SCIENCE & TECHNOLOGY,APPLIED SCIENCES,SCIENCE & TECHNOLOGY / APPLIED SCIENCES /,
Adults NF Category,SCIENCE & TECHNOLOGY,COMPUTERS,SCIENCE & TECHNOLOGY / COMPUTERS /,
Adults NF Category,SCIENCE & TECHNOLOGY,EARTH SCIENCES,SCIENCE & TECHNOLOGY / EARTH SCIENCES /,
Adults NF Category,SCIENCE & TECHNOLOGY,GENERAL,SCIENCE & TECHNOLOGY / GENERAL /,
Adults NF Category,SELF-HELP,GENERAL,SELF-HELP / GENERAL /,
Adults NF Category,SOCIETY & CULTURES,CELEBRATIONS,SOCIETY & CULTURES / CELEBRATIONS /,
Adults NF Category,SOCIETY & CULTURES,GENERAL,SOCIETY & CULTURES / GENERAL /,
Adults NF Category,SOCIETY & CULTURES,SOCIAL JUSTICE,SOCIETY & CULTURES / SOCIAL JUSTICE /,
Adults NF Category,SPIRITUALITY & BELIEFS,GENERAL,SPIRITUALITY & BELIEFS / GENERAL /,
Adults NF Category,SPIRITUALITY & BELIEFS,MYTHOLOGY,SPIRITUALITY & BELIEFS / MYTHOLOGY /,
Adults NF Category,SPIRITUALITY & BELIEFS,PHILOSOPHY,SPIRITUALITY & BELIEFS / PHILOSOPHY /,
Adults NF Category,SPIRITUALITY & BELIEFS,SPIRITUALITY,SPIRITUALITY & BELIEFS / SPIRITUALITY /,
Adults NF Category,SPORTS & RECREATION,FITNESS,SPORTS & RECREATION / FITNESS /,
Adults NF Category,SPORTS & RECREATION,GENERAL,SPORTS & RECREATION / GENERAL /,
Adults NF Category,SPORTS & RECREATION,OUTDOOR RECREATION,SPORTS & RECREATION / OUTDOOR RECREATION /,
Adults NF Category,SPORTS & RECREATION,SPORTS,SPORTS & RECREATION / SPORTS /,
Adults NF Category,TRAVEL,AFRICA & MIDDLE EAST,TRAVEL / AFRICA & MIDDLE EAST /,
Adults NF Category,TRAVEL,ASIA & PACIFIC,TRAVEL / ASIA & PACIFIC /,
Adults NF Category,TRAVEL,EUROPE,TRAVEL / EUROPE /,
Adults NF Category,TRAVEL,GENERAL,TRAVEL / GENERAL /,
Adults NF Category,TRAVEL,LATIN AMERICA,TRAVEL / LATIN AMERICA /,
Adults NF Category,TRAVEL,NORTH AMERICA,TRAVEL / NORTH AMERICA /,
Adults NF Category,TRUE CRIME & PHENOMENA,GENERAL,TRUE CRIME & PHENOMENA / GENERAL /,
Adults NF Category,TRUE CRIME & PHENOMENA,PHENOMENA,TRUE CRIME & PHENOMENA / PHENOMENA /,
Adults NF Category,TRUE CRIME & PHENOMENA,TRUE CRIME,TRUE CRIME & PHENOMENA / TRUE CRIME /,
Collections (No Audience),BOOK CLUB KIT,,BOOK CLUB KIT /,
Collections (No Audience),CENTRAL OREGON,,CENTRAL OREGON /,
Collections (No Audience),CURRICULUM CRATE,,CURRICULUM CRATE /,
Collections (No Audience),GAME,,GAME /,
Collections (No Audience),HOTSPOT,,HOTSPOT /,
Collections (No Audience),LARGE PRINT,,LARGE PRINT /,
Collections (No Audience),LIBRARY OF THINGS,,LIBRARY OF THINGS /,
Collections (No Audience),LIBRARY USE ONLY,,LIBRARY USE ONLY /,
Collections (No Audience),MAP,,MAP /,
Collections (No Audience),STORY TIME TO GO,,STORY TIME TO GO /,
DVDs,ACTION,,ACTION /,
DVDs,COMEDY,,COMEDY /,
DVDs,DOCUMENTARY,,DOCUMENTARY /,
DVDs,DRAMA,,DRAMA /,
DVDs,HORROR,,HORROR /,
DVDs,INSTRUCTIONAL,,INSTRUCTIONAL /,
DVDs,INTERNATIONAL,,INTERNATIONAL /,
DVDs,PERFORMANCE,,PERFORMANCE /,
DVDs,SCIENCE FICTION,,SCIENCE FICTION /,
DVDs,TRAVEL,,TRAVEL /,
DVDs,TV SERIES,,TV SERIES /,
DVDs,KIDS,,KIDS /,
Kids Eng Picture Books,ANIMALS,,ANIMALS /,
Kids Eng Picture Books,CELEBRATIONS,,CELEBRATIONS /,
Kids Eng Picture Books,SCIENCE & NATURE,,SCIENCE & NATURE /,
Kids Eng Picture Books,GROWING UP,,GROWING UP /,
Kids Eng Picture Books,STORIES,,STORIES /,
Kids Eng Picture Books,MAKE BELIEVE,,MAKE BELIEVE /,
Kids Eng Picture Books,PETS,,PETS /,
Kids Eng Picture Books,THINGS THAT GO,,THINGS THAT GO /,
Kids Eng Picture Books,TODDLERS,,TODDLERS /,
Kids Eng Picture Books,PLAY,,PLAY /,
Kids Eng Picture Books,CONCEPTS,,CONCEPTS /,
Kids Eng Picture Books,DINOSAURA,,DINOSAURA /,
Kids Eng Picture Books,FAVORTIES,,FAVORTIES /,
Kids Eng Picture Books,OUR WORLD,,OUR WORLD /,
Kids español Fiction,ESCUCHA Y LEE,,ESCUCHA Y LEE /,READ ALONG
Kids español Fiction,FICCIÓN,,FICCIÓN /,FICTION
Kids español Fiction,INTERMEDIO,,INTERMEDIO /,BRIDGING FICTION
Kids español Fiction,PRINCIPIANTE,,PRINCIPIANTE /,EARLY READER
Kids español Fiction,LIBRO DE CARTÓN,,LIBRO DE CARTÓN /,BOARD BOOK
Kids español Fiction,NOVELA GRÁFICA,,NOVELA GRÁFICA /,GRAPHIC NOVEL
Kids español NF,ANIMALES,,ANIMALES /,ANIMALS
Kids español NF,ARTE Y ARTESANÍA,,ARTE Y ARTESANÍA /,ARTS & CRAFTS
Kids español NF,BIOGRAFÍA,,BIOGRAFÍA /,BIOGRAPHY
Kids español NF,CIENCIAS Y TECNOLOGÍA,,CIENCIAS Y TECNOLOGÍA /,STEM
Kids español NF,IDIOMAS Y LITERATURA,,IDIOMAS Y LITERATURA /,LANGUAGE & LITERATURE
Kids español NF,SOCIEDAD Y CULTURAS,,SOCIEDAD Y CULTURAS /,SOCIETY & CULTURES
Kids español NF,TODO SOBRE MÍ,,TODO SOBRE MÍ /,ALL ABOUT ME
Kids español NF,TRANSPORTE,,TRANSPORTE /,TRANSPORTATION
Kids español picture books,ANIMALES,,ANIMALES /,ANIMALS
Kids español picture books,CELEBRACIONES,,CELEBRACIONES /,CELEBRATIONS
Kids español picture books,CIENCIA Y NATURALEZA,,CIENCIA Y NATURALEZA /,SCIENCE & NATURE
Kids español picture books,CUANDO CRECEMOS,,CUANDO CRECEMOS /,GROWING UP
Kids español picture books,CUENTOS,,CUENTOS /,STORIES
Kids español picture books,JUEGA A IMAGINAR,,JUEGA A IMAGINAR /,MAKE BELIEVE
Kids español picture books,MASCOTAS,,MASCOTAS /,PETS
Kids español picture books,MEDIOS DE TRANSPORTE,,MEDIOS DE TRANSPORTE /,THINGS THAT GO
Kids Fiction,ADVENTURE,,ADVENTURE /,
Kids Fiction,BIG BOOK,,BIG BOOK /,
Kids Fiction,BOARD BOOK,,BOARD BOOK /,
Kids Fiction,BRIDGING FICTION,,BRIDGING FICTION /,
Kids Fiction,EARLY READER,,EARLY READER /,
Kids Fiction,FANTASY,,FANTASY /,
Kids Fiction,FICTION,,FICTION /,
Kids Fiction,GRAPHIC NOVEL,,GRAPHIC NOVEL /,
Kids Fiction,HISTORICAL ,,HISTORICAL  /,
Kids Fiction,MYSTERY,,MYSTERY /,
Kids Fiction,READ ALONG,,READ ALONG /,
Kids Fiction,SCARY,,SCARY /,
Kids Fiction,SCIENCE FICTION,,SCIENCE FICTION /,
Kids NF Subcategory,ALL ABOUT ME,FAMILY,ALL ABOUT ME / FAMILY /,
Kids NF Subcategory,ALL ABOUT ME,FEELINGS,ALL ABOUT ME / FEELINGS /,
Kids NF Subcategory,ALL ABOUT ME,FRIENDS,ALL ABOUT ME / FRIENDS /,
Kids NF Subcategory,ALL ABOUT ME,GENERAL,ALL ABOUT ME / GENERAL /,
Kids NF Subcategory,ANIMALS,AMPHIBIANS,ANIMALS / AMPHIBIANS /,
Kids NF Subcategory,ANIMALS,BIRDS,ANIMALS / BIRDS /,
Kids NF Subcategory,ANIMALS,DINOSAURS,ANIMALS / DINOSAURS /,
Kids NF Subcategory,ANIMALS,FARM,ANIMALS / FARM /,
Kids NF Subcategory,ANIMALS,FARM,ANIMALS / FARM /,
Kids NF Subcategory,ANIMALS,FISH,ANIMALS / FISH /,
Kids NF Subcategory,ANIMALS,GENERAL,ANIMALS / GENERAL /,
Kids NF Subcategory,ANIMALS,INSECTS,ANIMALS / INSECTS /,
Kids NF Subcategory,ANIMALS,MAMMALS,ANIMALS / MAMMALS /,
Kids NF Subcategory,ANIMALS,MAMMALS,ANIMALS / MAMMALS /,
Kids NF Subcategory,ANIMALS,PETS,ANIMALS / PETS /,
Kids NF Subcategory,ANIMALS,REPTILES,ANIMALS / REPTILES /,
Kids NF Subcategory,ANIMALS,REPTILES,ANIMALS / REPTILES /,
Kids NF Subcategory,ARTS & CRAFTS,ARTISTS,ARTS & CRAFTS / ARTISTS /,
Kids NF Subcategory,ARTS & CRAFTS,GENERAL,ARTS & CRAFTS / GENERAL /,
Kids NF Subcategory,ARTS & CRAFTS,HOW TO,ARTS & CRAFTS / HOW TO /,
Kids NF Subcategory,ARTS & CRAFTS,MUSIC,ARTS & CRAFTS / MUSIC /,
Kids NF Subcategory,ARTS & CRAFTS,PERFORMING ARTS,ARTS & CRAFTS / PERFORMING ARTS /,
Kids NF Subcategory,BELIEFS,FOLKLORE,BELIEFS / FOLKLORE /,
Kids NF Subcategory,BELIEFS,GENERAL,BELIEFS / GENERAL /,
Kids NF Subcategory,BELIEFS,MYTHOLOGY,BELIEFS / MYTHOLOGY /,
Kids NF Subcategory,BELIEFS,RELIGIONS,BELIEFS / RELIGIONS /,
Kids NF Subcategory,BODY & MIND,ANATOMY,BODY & MIND / ANATOMY /,
Kids NF Subcategory,BODY & MIND,GENERAL,BODY & MIND / GENERAL /,
Kids NF Subcategory,BODY & MIND,HEALTH,BODY & MIND / HEALTH /,
Kids NF Subcategory,CURIOSITIES & WONDER,GENERAL,CURIOSITIES & WONDER / GENERAL /,
Kids NF Subcategory,FOOD,BAKING,FOOD / BAKING /,
Kids NF Subcategory,FOOD,COOKING,FOOD / COOKING /,
Kids NF Subcategory,FOOD,GENERAL,FOOD / GENERAL /,
Kids NF Subcategory,HISTORY,ANCIENT,HISTORY / ANCIENT /,
Kids NF Subcategory,HISTORY,GENERAL,HISTORY / GENERAL /,
Kids NF Subcategory,HISTORY,GENERAL,HISTORY / GENERAL /,
Kids NF Subcategory,HISTORY,MEDIEVAL,HISTORY / MEDIEVAL /,
Kids NF Subcategory,HISTORY,MILITARY,HISTORY / MILITARY /,
Kids NF Subcategory,HISTORY,WESTERN EXPANSION,HISTORY / WESTERN EXPANSION /,
Kids NF Subcategory,LANGUAGE & LITERATURE,GENERAL,LANGUAGE & LITERATURE / GENERAL /,
Kids NF Subcategory,LANGUAGE & LITERATURE,HUMOR,LANGUAGE & LITERATURE / HUMOR /,
Kids NF Subcategory,LANGUAGE & LITERATURE,LANGUAGES,LANGUAGE & LITERATURE / LANGUAGES /,
Kids NF Subcategory,LANGUAGE & LITERATURE,POETRY,LANGUAGE & LITERATURE / POETRY /,
Kids NF Subcategory,PLACES,GENERAL,PLACES / GENERAL /,
Kids NF Subcategory,PLACES,GEOGRAPHY,PLACES / GEOGRAPHY /,
Kids NF Subcategory,PLACES,STATES,PLACES / STATES /,
Kids NF Subcategory,PLACES,TRAVEL,PLACES / TRAVEL /,
Kids NF Subcategory,SOCIETY & CULTURES,CELEBRATIONS,SOCIETY & CULTURES / CELEBRATIONS /,
Kids NF Subcategory,SOCIETY & CULTURES,GENERAL,SOCIETY & CULTURES / GENERAL /,
Kids NF Subcategory,SOCIETY & CULTURES,GOVERNMENT,SOCIETY & CULTURES / GOVERNMENT /,
Kids NF Subcategory,SOCIETY & CULTURES,SOCIAL JUSTICE,SOCIETY & CULTURES / SOCIAL JUSTICE /,
Kids NF Subcategory,SPORTS & GAMES,GAMES,SPORTS & GAMES / GAMES /,
Kids NF Subcategory,SPORTS & GAMES,GENERAL,SPORTS & GAMES / GENERAL /,
Kids NF Subcategory,SPORTS & GAMES,SPORTS,SPORTS & GAMES / SPORTS /,
Kids NF Subcategory,SPORTS & GAMES,SPORTS,SPORTS & GAMES / SPORTS /,
Kids NF Subcategory,STEM,BIOMES,STEM / BIOMES /,
Kids NF Subcategory,STEM,CHEMISTRY,STEM / CHEMISTRY /,
Kids NF Subcategory,STEM,COMPUTERS,STEM / COMPUTERS /,
Kids NF Subcategory,STEM,ENERGY,STEM / ENERGY /,
Kids NF Subcategory,STEM,ENGINEERING,STEM / ENGINEERING /,
Kids NF Subcategory,STEM,EXPERIMENTS,STEM / EXPERIMENTS /,
Kids NF Subcategory,STEM,FORCES & MOTION,STEM / FORCES & MOTION /,
Kids NF Subcategory,STEM,GENERAL,STEM / GENERAL /,
Kids NF Subcategory,STEM,GEOLOGY,STEM / GEOLOGY /,
Kids NF Subcategory,STEM,MATH,STEM / MATH /,
Kids NF Subcategory,STEM,PLANTS,STEM / PLANTS /,
Kids NF Subcategory,STEM,ROBOTS,STEM / ROBOTS /,
Kids NF Subcategory,STEM,SPACE,STEM / SPACE /,
Kids NF Subcategory,STEM,WEATHER,STEM / WEATHER /,
Kids NF Subcategory,TRANSPORTATION,AIR,TRANSPORTATION / AIR /,
Kids NF Subcategory,TRANSPORTATION,GENERAL,TRANSPORTATION / GENERAL /,
Kids NF Subcategory,TRANSPORTATION,LAND,TRANSPORTATION / LAND /,
Kids NF Subcategory,TRANSPORTATION,WATER,TRANSPORTATION / WATER /,
Kids NF Subcategory,BIOGRAPHY,,BIOGRAPHY /,
Teens español Fiction/NF,,FICTION,FICCIÓN /,FICCIÓN
Teens español Fiction/NF,,MANGA,MANGA /,MANGA
Teens español Fiction/NF,,NON-FICTION,NO-FICCIÓN /,NO-FICCIÓN
Teens español Fiction/NF,,GRAPHIC NOVEL,NOVELA GRÁFICA /,NOVELA GRÁFICA
Teens Fiction,FANTASY,,FANTASY /,
Teens Fiction,FICTION,,FICTION /,
Teens Fiction,GRAPHIC NOVEL,,GRAPHIC NOVEL /,
Teens Fiction,MANGA,,MANGA /,
Teens Fiction,MYSTERY & THRILLER,,MYSTERY & THRILLER /,
Teens Fiction,SCIENCE FICTION,,SCIENCE FICTION /,
Teens NF,ARTS & DIY,,ARTS & DIY /,
Teens NF,BIOGRAPHY,,BIOGRAPHY /,
Teens NF,BODY & MIND,,BODY & MIND /,
Teens NF,HISTORY,,HISTORY /,
Teens NF,POETRY & WRITING,,POETRY & WRITING /,
Teens NF,RELATIONSHIPS,,RELATIONSHIPS /,
Teens NF,SOCIETY & CULTURES,,SOCIETY & CULTURES /,
Teens NF,STEM,,STEM /,